"Area";"Information";"2010";"2011";"2012";"2013";"2014";"2015";"2016";"2017";"2018";"2019";"2020";"2021";"2022";"2023"
"WHOLE COUNTRY";"Population 31 Dec";5375276;5401267;5426674;5451270;5471753;5487308;5503297;5513130;5517919;5525292;5533793;5548241;5563970;5603851
"Akaa";"Population 31 Dec";17012;17091;17134;17108;17052;17043;16923;16769;16611;16475;16391;16467;16473;16405
"Alajärvi";"Population 31 Dec";10487;10327;10268;10227;10171;10006;9899;9831;9700;9562;9419;9311;9183;9113
"Alavieska";"Population 31 Dec";2770;2750;2761;2740;2687;2687;2639;2610;2573;2519;2517;2491;2447;2437
"Alavus";"Population 31 Dec";12439;12385;12341;12228;12103;12044;11907;11713;11544;11468;11332;11197;11102;10933
"Asikkala";"Population 31 Dec";8552;8498;8461;8405;8374;8287;8323;8248;8149;8083;8059;8033;8014;7968
"Askola";"Population 31 Dec";4864;4911;4988;4991;5064;5104;5046;4990;4958;4943;4878;4847;4763;4700
"Aura";"Population 31 Dec";3911;3975;3971;3962;3982;3986;3984;3991;3984;3941;3959;3955;3965;3961
"Brändö";"Population 31 Dec";488;480;476;475;474;470;471;452;449;445;449;449;450;436
"Eckerö";"Population 31 Dec";943;978;960;947;932;935;928;948;961;952;958;933;939;942
"Enonkoski";"Population 31 Dec";1615;1566;1532;1522;1503;1473;1453;1416;1405;1361;1369;1362;1341;1320
"Enontekiö";"Population 31 Dec";1876;1893;1880;1891;1890;1861;1872;1893;1852;1838;1808;1789;1811;1771
"Espoo";"Population 31 Dec";247970;252439;256824;260753;265543;269802;274583;279044;283632;289731;292796;297132;305274;314024
"Eura";"Population 31 Dec";12507;12424;12406;12368;12314;12128;12004;11910;11748;11632;11483;11417;11276;11184
"Eurajoki";"Population 31 Dec";9245;9197;9282;9286;9294;9287;9418;9521;9454;9402;9452;9334;9211;9143
"Evijärvi";"Population 31 Dec";2755;2747;2686;2685;2651;2576;2535;2499;2473;2425;2408;2404;2346;2292
"Finström";"Population 31 Dec";2502;2527;2531;2520;2535;2522;2594;2580;2588;2593;2603;2638;2588;2610
"Forssa";"Population 31 Dec";17904;17833;17727;17667;17521;17422;17332;17185;17028;16901;16800;16573;16459;16469
"Föglö";"Population 31 Dec";580;577;578;572;568;554;561;532;534;531;526;501;504;509
"Geta";"Population 31 Dec";475;492;495;500;494;500;499;495;514;496;511;505;507;509
"Haapajärvi";"Population 31 Dec";7639;7609;7641;7616;7479;7438;7332;7251;7147;7010;6896;6802;6687;6558
"Haapavesi";"Population 31 Dec";7418;7384;7283;7241;7175;7167;7098;6970;6854;6758;6667;6613;6591;6473
"Hailuoto";"Population 31 Dec";1004;1004;986;999;997;993;994;967;974;959;949;950;960;948
"Halsua";"Population 31 Dec";1289;1275;1248;1229;1222;1225;1219;1171;1165;1127;1103;1083;1052;1013
"Hamina";"Population 31 Dec";21400;21403;21256;21203;21061;20851;20636;20493;20286;20111;19877;19702;19549;19534
"Hammarland";"Population 31 Dec";1508;1526;1522;1540;1531;1537;1508;1547;1577;1583;1599;1619;1628;1646
"Hankasalmi";"Population 31 Dec";5542;5491;5453;5404;5307;5240;5159;5019;4939;4875;4782;4683;4601;4549
"Hanko";"Population 31 Dec";9462;9417;9267;9109;9021;8864;8663;8517;8379;8199;8042;7979;7832;7721
"Harjavalta";"Population 31 Dec";7540;7504;7486;7407;7366;7296;7240;7151;7018;6931;6869;6785;6753;6703
"Hartola";"Population 31 Dec";3355;3292;3205;3098;3071;2982;2924;2882;2780;2697;2655;2621;2574;2531
"Hattula";"Population 31 Dec";9657;9682;9720;9684;9738;9747;9682;9610;9475;9422;9389;9405;9359;9371
"Hausjärvi";"Population 31 Dec";8815;8807;8866;8808;8815;8729;8641;8504;8417;8260;8175;8143;8031;7998
"Heinola";"Population 31 Dec";20258;20164;20051;19979;19695;19575;19350;19128;18889;18667;18497;18344;18131;17953
"Heinävesi";"Population 31 Dec";3912;3827;3742;3667;3638;3574;3514;3455;3329;3254;3196;3136;3061;3001
"Helsinki";"Population 31 Dec";588549;595384;603968;612664;620715;628208;635181;643272;648042;653835;656920;658457;664028;674500
"Hirvensalmi";"Population 31 Dec";2439;2389;2377;2338;2326;2290;2274;2236;2152;2136;2156;2131;2091;2062
"Hollola";"Population 31 Dec";24106;24150;24150;24073;23996;23915;23791;23782;23602;23410;23251;23090;22943;22885
"Huittinen";"Population 31 Dec";10663;10638;10623;10543;10487;10473;10403;10207;10091;10044;9937;9870;9745;9646
"Humppila";"Population 31 Dec";2506;2503;2496;2463;2440;2388;2345;2290;2235;2184;2174;2166;2161;2125
"Hyrynsalmi";"Population 31 Dec";2736;2672;2603;2565;2490;2422;2406;2326;2287;2271;2199;2139;2094;2063
"Hyvinkää";"Population 31 Dec";45489;45527;45592;46188;46366;46463;46596;46739;46504;46470;46576;46880;46797;46901
"Hämeenkyrö";"Population 31 Dec";10489;10533;10500;10582;10610;10667;10681;10599;10510;10404;10344;10337;10257;10319
"Hämeenlinna";"Population 31 Dec";66829;67270;67497;67806;67976;68011;67850;67662;67532;67633;67848;67971;68043;68319
"Ii";"Population 31 Dec";9382;9499;9574;9610;9666;9663;9628;9966;9862;9844;9848;9912;9853;9766
"Iisalmi";"Population 31 Dec";22095;22147;22135;22171;22115;21945;21767;21639;21472;21368;21124;20958;20801;20618
"Iitti";"Population 31 Dec";7005;7002;6955;6981;6950;6910;6889;6820;6765;6711;6625;6559;6504;6444
"Ikaalinen";"Population 31 Dec";7428;7375;7346;7303;7298;7207;7128;7119;7003;6942;6866;6877;6804;6850
"Ilmajoki";"Population 31 Dec";11841;11898;12022;12099;12181;12159;12167;12205;12187;12269;12294;12366;12369;12343
"Ilomantsi";"Population 31 Dec";5883;5834;5693;5614;5504;5336;5237;5128;4973;4857;4749;4643;4492;4406
"Imatra";"Population 31 Dec";28540;28472;28294;28219;28037;27835;27517;27269;26932;26508;26075;25655;25208;24919
"Inari";"Population 31 Dec";6778;6754;6732;6794;6814;6804;6825;6869;6930;6907;6862;7008;7047;7127
"Ingå";"Population 31 Dec";5546;5561;5538;5562;5560;5541;5585;5481;5403;5386;5321;5353;5384;5379
"Isojoki";"Population 31 Dec";2400;2354;2290;2257;2198;2123;2079;2032;1976;1951;1925;1891;1852;1814
"Isokyrö";"Population 31 Dec";4965;4936;4886;4854;4842;4785;4712;4673;4601;4522;4471;4480;4406;4357
"Janakkala";"Population 31 Dec";16892;16960;16921;16842;16840;16853;16709;16607;16447;16413;16237;16340;16280;16123
"Joensuu";"Population 31 Dec";73305;73758;74168;74471;75041;75514;75848;76067;76551;76850;76935;77261;77513;78062
"Jokioinen";"Population 31 Dec";5720;5676;5643;5595;5516;5425;5341;5286;5195;5133;5061;5046;4990;4916
"Jomala";"Population 31 Dec";4098;4249;4355;4424;4560;4648;4757;4859;5032;5233;5386;5512;5610;5697
"Joroinen";"Population 31 Dec";5394;5342;5291;5213;5178;5110;5039;4917;4812;4767;4689;4624;4540;4590
"Joutsa";"Population 31 Dec";5053;4958;4898;4857;4782;4688;4673;4567;4467;4377;4297;4263;4171;4079
"Juuka";"Population 31 Dec";5589;5453;5324;5203;5140;5034;4938;4817;4709;4606;4527;4444;4352;4259
"Juupajoki";"Population 31 Dec";2094;2046;2023;2039;2033;1988;1957;1904;1884;1844;1800;1786;1768;1708
"Juva";"Population 31 Dec";6962;6902;6783;6684;6616;6548;6421;6334;6225;6116;5932;5887;5769;5734
"Jyväskylä";"Population 31 Dec";130816;132062;133482;134658;135780;137368;138850;140188;141305;142400;143420;144473;145887;147746
"Jämijärvi";"Population 31 Dec";2041;2003;1986;1971;1997;1948;1915;1867;1809;1739;1707;1685;1683;1682
"Jämsä";"Population 31 Dec";22691;22507;22354;22138;21808;21542;21259;20877;20607;20182;19887;19767;19347;19182
"Järvenpää";"Population 31 Dec";38680;38966;39646;39953;40390;40900;41529;42572;43410;43711;44455;45226;45630;46490
"Kaarina";"Population 31 Dec";30911;31081;31363;31798;32148;32590;32738;33099;33458;33937;34667;35497;35848;36339
"Kaavi";"Population 31 Dec";3377;3385;3315;3261;3214;3194;3154;3048;2990;2893;2807;2778;2689;2628
"Kajaani";"Population 31 Dec";38157;38045;37973;37868;37791;37622;37521;37239;36973;36709;36567;36493;36297;36513
"Kalajoki";"Population 31 Dec";12562;12616;12625;12644;12632;12621;12586;12516;12387;12373;12400;12412;12335;12372
"Kangasala";"Population 31 Dec";29675;29891;30126;30345;30471;30607;31190;31437;31676;31868;32214;32622;32959;33473
"Kangasniemi";"Population 31 Dec";5964;5865;5839;5801;5693;5628;5603;5549;5452;5356;5312;5230;5154;5114
"Kankaanpää";"Population 31 Dec";14013;13926;13789;13791;13671;13562;13396;13292;13137;12906;12758;12662;12528;12394
"Kannonkoski";"Population 31 Dec";1577;1544;1553;1520;1475;1462;1424;1408;1353;1339;1323;1311;1269;1217
"Kannus";"Population 31 Dec";5737;5697;5736;5675;5643;5590;5578;5520;5502;5464;5426;5390;5352;5246
"Karijoki";"Population 31 Dec";1521;1527;1514;1462;1409;1369;1349;1329;1274;1245;1207;1192;1200;1188
"Karkkila";"Population 31 Dec";9209;9190;9119;9074;8977;8969;8911;8900;8778;8714;8696;8717;8603;8581
"Karstula";"Population 31 Dec";4507;4462;4376;4343;4286;4268;4232;4146;4031;3949;3858;3774;3665;3625
"Karvia";"Population 31 Dec";2643;2599;2545;2523;2491;2475;2449;2403;2390;2342;2322;2290;2240;2216
"Kaskinen";"Population 31 Dec";1429;1404;1382;1350;1324;1285;1296;1274;1262;1246;1278;1289;1256;1208
"Kauhajoki";"Population 31 Dec";14269;14191;14167;14081;14007;13875;13772;13610;13375;13184;13007;12890;12750;12618
"Kauhava";"Population 31 Dec";17308;17265;17202;17065;16908;16784;16599;16278;16022;15726;15514;15312;15116;15165
"Kauniainen";"Population 31 Dec";8689;8807;8910;9101;9357;9486;9397;9624;9615;9797;10178;10396;10284;10270
"Kaustinen";"Population 31 Dec";4302;4280;4287;4288;4283;4305;4298;4309;4273;4261;4228;4196;4198;4137
"Keitele";"Population 31 Dec";2542;2524;2476;2427;2398;2379;2346;2309;2244;2202;2155;2095;2029;2035
"Kemi";"Population 31 Dec";22537;22399;22257;22120;21929;21758;21602;21256;21021;20707;20437;19982;19499;19371
"Kemijärvi";"Population 31 Dec";8418;8295;8093;7983;7892;7766;7661;7534;7370;7274;7191;7105;6996;7030
"Keminmaa";"Population 31 Dec";8573;8572;8585;8565;8469;8388;8316;8296;8147;8079;7984;7904;7771;7691
"Kimitoön";"Population 31 Dec";7191;7173;7075;7012;6943;6909;6872;6793;6724;6640;6609;6614;6549;6462
"Kempele";"Population 31 Dec";15864;16182;16383;16605;16889;17066;17297;17535;17923;18355;18796;19116;19300;19514
"Kerava";"Population 31 Dec";34282;34549;34491;34913;35317;35293;35511;35554;36254;36756;37105;37232;37676;38211
"Keuruu";"Population 31 Dec";10666;10574;10488;10310;10177;10117;9992;9919;9762;9605;9486;9443;9250;9184
"Kihniö";"Population 31 Dec";2226;2179;2147;2111;2080;2038;1994;1967;1910;1865;1822;1808;1771;1749
"Kinnula";"Population 31 Dec";1821;1816;1764;1769;1766;1745;1699;1656;1615;1620;1597;1581;1554;1523
"Kirkkonummi";"Population 31 Dec";36942;37192;37567;37899;38220;38649;39033;39170;39262;39586;40082;40433;40722;41154
"Kitee";"Population 31 Dec";11666;11515;11341;11197;10986;10832;10719;10486;10358;10136;9933;9877;9727;9689
"Kittilä";"Population 31 Dec";6183;6279;6388;6478;6470;6416;6383;6421;6436;6453;6436;6523;6637;6822
"Kiuruvesi";"Population 31 Dec";9157;9063;8989;8866;8752;8600;8444;8283;8153;7998;7854;7759;7597;7475
"Kivijärvi";"Population 31 Dec";1364;1334;1303;1259;1244;1200;1161;1132;1103;1096;1107;1088;1064;1035
"Kokemäki";"Population 31 Dec";7987;7922;7893;7769;7702;7591;7498;7381;7226;7103;7013;6951;6903;6766
"Kokkola";"Population 31 Dec";46260;46585;46773;47031;47278;47570;47723;47723;47657;47681;47772;47909;48006;48295
"Kolari";"Population 31 Dec";3839;3836;3853;3885;3840;3848;3827;3854;3834;3846;3925;3989;3999;4011
"Konnevesi";"Population 31 Dec";2963;2924;2904;2846;2831;2757;2753;2748;2698;2627;2593;2586;2521;2499
"Kontiolahti";"Population 31 Dec";13722;14000;14245;14422;14681;14827;14806;14830;14849;14821;14857;15035;15157;15136
"Korsnäs";"Population 31 Dec";2260;2249;2232;2218;2219;2201;2171;2154;2122;2077;2068;2050;2024;2015
"Koski Tl";"Population 31 Dec";2436;2441;2450;2423;2438;2399;2416;2359;2340;2308;2292;2271;2227;2207
"Kotka";"Population 31 Dec";54824;54831;54873;54771;54518;54319;54187;53539;52883;52126;51668;51241;50617;50500
"Kouvola";"Population 31 Dec";88072;87567;87296;86926;86453;85855;85306;84196;83177;82113;81187;80454;79429;78880
"Kristinestad";"Population 31 Dec";7157;7096;7055;7001;6845;6793;6727;6638;6596;6486;6404;6380;6242;6199
"Kronoby";"Population 31 Dec";6731;6681;6666;6682;6662;6682;6620;6531;6509;6428;6416;6442;6405;6368
"Kuhmo";"Population 31 Dec";9492;9334;9240;9104;8950;8806;8647;8499;8329;8190;8042;7928;7755;7582
"Kuhmoinen";"Population 31 Dec";2554;2505;2438;2409;2374;2334;2286;2252;2238;2206;2161;2158;2119;2092
"Kumlinge";"Population 31 Dec";364;361;338;330;328;317;308;314;315;314;307;313;306;290
"Kuopio";"Population 31 Dec";112336;112919;114055;115108;116171;116921;117740;118209;118664;119282;120210;121543;122594;124021
"Kuortane";"Population 31 Dec";3943;3906;3849;3819;3727;3715;3690;3637;3572;3551;3534;3528;3437;3381
"Kurikka";"Population 31 Dec";22811;22625;22466;22309;22073;21734;21501;21203;20952;20678;20456;20197;19890;19759
"Kustavi";"Population 31 Dec";874;886;889;869;892;895;908;923;926;949;962;971;950;949
"Kuusamo";"Population 31 Dec";16492;16373;16167;15952;15823;15688;15533;15386;15207;15134;15213;15165;15146;15019
"Kyyjärvi";"Population 31 Dec";1508;1503;1469;1431;1399;1379;1375;1352;1343;1313;1288;1232;1196;1174
"Kärkölä";"Population 31 Dec";4882;4798;4772;4755;4647;4604;4540;4508;4451;4368;4326;4245;4198;4114
"Kärsämäki";"Population 31 Dec";2872;2819;2760;2721;2696;2658;2655;2611;2613;2576;2538;2533;2474;2440
"Kökar";"Population 31 Dec";259;249;245;251;254;250;246;236;236;232;225;224;223;225
"Lahti";"Population 31 Dec";116582;117335;118098;118349;118644;118743;119452;119573;119951;119823;119984;120027;120175;120693
"Laihia";"Population 31 Dec";7870;7933;7993;8007;8068;8090;8139;8051;8058;8017;7996;7916;7817;7682
"Laitila";"Population 31 Dec";8440;8408;8460;8487;8542;8520;8520;8610;8647;8588;8468;8456;8366;8441
"Lapinjärvi";"Population 31 Dec";2872;2848;2829;2820;2779;2774;2739;2706;2665;2606;2621;2580;2518;2449
"Lapinlahti";"Population 31 Dec";10412;10386;10289;10176;10093;9982;9882;9692;9617;9485;9358;9247;9099;8975
"Lappajärvi";"Population 31 Dec";3440;3436;3383;3317;3259;3215;3176;3140;3078;2996;2925;2866;2820;2789
"Lappeenranta";"Population 31 Dec";71982;72133;72424;72658;72794;72875;72872;72909;72699;72634;72662;72634;72650;72988
"Lapua";"Population 31 Dec";14428;14530;14650;14692;14733;14609;14575;14494;14427;14278;14221;14203;14099;14024
"Laukaa";"Population 31 Dec";18142;18286;18481;18588;18709;18865;18970;18978;18927;18903;18823;18788;18775;18762
"Lemi";"Population 31 Dec";3064;3068;3059;3130;3116;3073;3076;3063;3043;2971;2964;2917;2886;2862
"Lemland";"Population 31 Dec";1814;1860;1883;1926;1943;1991;2012;2028;2033;2053;2114;2135;2131;2127
"Lempäälä";"Population 31 Dec";20588;20888;21440;21829;22233;22536;22745;22829;23206;23523;23828;24164;24580;24711
"Leppävirta";"Population 31 Dec";10556;10405;10274;10170;10015;9953;9865;9782;9650;9454;9402;9280;9177;9049
"Lestijärvi";"Population 31 Dec";853;847;835;818;817;798;811;789;737;719;722;719;695;682
"Lieksa";"Population 31 Dec";12687;12585;12399;12303;12117;11772;11580;11297;11098;10884;10719;10543;10372;10228
"Lieto";"Population 31 Dec";18205;18634;18982;19128;19209;19263;19418;19596;19831;19994;20146;20291;20497;20637
"Liminka";"Population 31 Dec";9037;9164;9432;9577;9740;9937;10000;10133;10161;10191;10238;10218;10258;10256
"Liperi";"Population 31 Dec";12271;12286;12397;12396;12335;12338;12301;12150;12145;12084;11994;11979;11962;11969
"Lohja";"Population 31 Dec";47341;47374;47516;47703;47624;47353;47149;46785;46296;45965;45886;45988;45811;45645
"Loimaa";"Population 31 Dec";16916;16848;16737;16700;16607;16467;16267;16150;16032;15875;15770;15628;15392;15420
"Loppi";"Population 31 Dec";8273;8377;8336;8341;8291;8175;8098;8028;7861;7828;7853;7799;7749;7692
"Loviisa";"Population 31 Dec";15595;15552;15519;15493;15480;15311;15208;15085;14891;14772;14745;14643;14568;14458
"Luhanka";"Population 31 Dec";831;802;773;763;761;761;756;734;707;690;699;703;692;702
"Lumijoki";"Population 31 Dec";1994;2037;2059;2084;2074;2076;2105;2081;2052;2020;2036;2018;1988;2033
"Lumparland";"Population 31 Dec";394;399;392;413;418;398;385;395;382;366;372;376;360;366
"Larsmo";"Population 31 Dec";4816;4921;4966;5065;5107;5147;5176;5264;5340;5417;5534;5622;5732;5843
"Luumäki";"Population 31 Dec";5147;5119;5022;4992;4949;4860;4831;4747;4662;4636;4543;4473;4421;4396
"Malax";"Population 31 Dec";5605;5614;5586;5580;5573;5545;5517;5477;5477;5475;5451;5487;5479;5456
"Mariehamn";"Population 31 Dec";11190;11262;11345;11393;11479;11461;11565;11677;11743;11679;11705;11742;11757;11812
"Marttila";"Population 31 Dec";1994;1998;2017;2056;2070;2028;2021;1988;2018;2013;1999;1990;1978;1930
"Masku";"Population 31 Dec";9455;9585;9671;9729;9767;9706;9675;9656;9554;9534;9543;9612;9642;9619
"Merijärvi";"Population 31 Dec";1202;1199;1176;1153;1150;1134;1131;1119;1104;1089;1078;1076;1067;1055
"Merikarvia";"Population 31 Dec";3347;3304;3269;3226;3246;3185;3169;3156;3115;3067;3066;3055;2967;2966
"Miehikkälä";"Population 31 Dec";2210;2169;2177;2145;2123;2085;2034;1992;1940;1857;1868;1835;1791;1752
"Mikkeli";"Population 31 Dec";54455;54530;54519;54635;54605;54665;54517;54261;53818;53134;52583;52122;51980;51919
"Muhos";"Population 31 Dec";8857;8909;8948;8998;8986;9063;8995;9019;8980;8908;8903;8909;8882;8827
"Multia";"Population 31 Dec";1890;1847;1816;1777;1763;1710;1663;1636;1584;1566;1558;1488;1477;1430
"Muonio";"Population 31 Dec";2401;2369;2394;2383;2375;2358;2350;2332;2299;2308;2297;2321;2281;2325
"Korsholm";"Population 31 Dec";18637;18868;19012;19153;19287;19302;19380;19384;19444;19448;19453;19536;19662;19763
"Muurame";"Population 31 Dec";9256;9438;9569;9572;9700;9791;9941;10097;10170;10164;10267;10426;10486;10551
"Mynämäki";"Population 31 Dec";8041;8044;7978;7950;7917;7859;7842;7838;7766;7654;7645;7594;7539;7515
"Myrskylä";"Population 31 Dec";2006;2008;1992;1987;1985;1969;1986;1969;1922;1882;1871;1816;1764;1715
"Mäntsälä";"Population 31 Dec";19975;20131;20478;20534;20621;20685;20853;20803;20686;20721;20783;20837;20912;20957
"Mänttä-Vilppula";"Population 31 Dec";11413;11308;11122;10898;10723;10604;10448;10256;9983;9855;9673;9563;9360;9271
"Mäntyharju";"Population 31 Dec";6456;6393;6356;6287;6266;6159;6097;6054;5924;5791;5676;5635;5564;5522
"Naantali";"Population 31 Dec";18807;18871;18824;18859;18871;18961;19068;19167;19245;19314;19427;19579;19850;19999
"Nakkila";"Population 31 Dec";5788;5780;5747;5706;5651;5651;5548;5521;5437;5329;5256;5169;5072;4966
"Nivala";"Population 31 Dec";11025;11051;10985;10942;10945;10876;10889;10815;10737;10639;10500;10396;10419;10454
"Nokia";"Population 31 Dec";31647;32056;32354;32690;32847;33162;33210;33322;33527;33929;34476;34884;35346;35647
"Nousiainen";"Population 31 Dec";4865;4814;4846;4872;4844;4859;4815;4813;4733;4715;4693;4689;4644;4695
"Nurmes";"Population 31 Dec";10966;10796;10729;10570;10444;10320;10130;9983;9784;9552;9501;9423;9243;9130
"Nurmijärvi";"Population 31 Dec";39937;40349;40719;41178;41577;41897;42010;42159;42665;42993;43663;44127;44458;44785
"Närpes";"Population 31 Dec";9435;9412;9380;9335;9389;9387;9439;9507;9471;9479;9558;9562;9584;9621
"Orimattila";"Population 31 Dec";16309;16369;16300;16347;16288;16326;16279;16221;16091;16003;15882;15808;15735;15669
"Oripää";"Population 31 Dec";1414;1422;1434;1423;1417;1377;1363;1382;1364;1329;1334;1337;1317;1315
"Orivesi";"Population 31 Dec";9617;9590;9571;9630;9579;9408;9312;9285;9221;9158;9008;8978;8935;8839
"Oulainen";"Population 31 Dec";7889;7916;7847;7772;7725;7610;7514;7472;7430;7288;7155;7102;7025;6978
"Oulu";"Population 31 Dec";185419;188114;190847;193798;196291;198525;200526;201810;203567;205489;207327;209551;211848;214633
"Outokumpu";"Population 31 Dec";7411;7377;7343;7262;7172;7139;7091;7003;6803;6688;6552;6506;6457;6409
"Padasjoki";"Population 31 Dec";3423;3369;3333;3279;3197;3143;3073;3027;2963;2896;2861;2813;2750;2726
"Paimio";"Population 31 Dec";10402;10471;10591;10590;10628;10620;10713;10730;10832;10850;10922;11041;11138;11236
"Paltamo";"Population 31 Dec";3884;3807;3743;3620;3564;3488;3491;3435;3336;3273;3235;3183;3100;3037
"Pargas";"Population 31 Dec";15501;15505;15561;15507;15494;15457;15398;15285;15217;15132;15105;15086;14991;14999
"Parikkala";"Population 31 Dec";5787;5664;5591;5509;5373;5235;5126;4969;4842;4734;4655;4567;4438;4366
"Parkano";"Population 31 Dec";6978;6982;6918;6836;6808;6766;6692;6562;6469;6404;6352;6286;6240;6123
"Pedersöre";"Population 31 Dec";10893;10937;10940;10970;11060;11129;11067;11084;11016;11081;11174;11172;11206;11225
"Pelkosenniemi";"Population 31 Dec";1008;973;963;966;947;958;951;958;954;939;931;924;947;912
"Pello";"Population 31 Dec";3980;3912;3819;3739;3676;3623;3565;3510;3438;3373;3304;3296;3262;3253
"Perho";"Population 31 Dec";2934;2910;2923;2923;2893;2931;2907;2860;2825;2759;2706;2676;2653;2578
"Pertunmaa";"Population 31 Dec";1936;1910;1857;1842;1832;1817;1796;1739;1713;1690;1654;1644;1600;1577
"Petäjävesi";"Population 31 Dec";4022;4065;4095;4125;4081;4008;3981;3920;3900;3841;3772;3678;3651;3596
"Pieksämäki";"Population 31 Dec";19869;19700;19407;19288;19051;18801;18475;18220;17933;17682;17375;17253;17077;17050
"Pielavesi";"Population 31 Dec";5087;5006;4926;4824;4787;4740;4697;4624;4498;4391;4321;4269;4140;4073
"Jakobstad";"Population 31 Dec";19656;19623;19680;19633;19577;19436;19377;19379;19278;19208;19066;19097;19207;19475
"Pihtipudas";"Population 31 Dec";4563;4500;4441;4354;4261;4221;4202;4127;4053;4032;3931;3873;3786;3739
"Pirkkala";"Population 31 Dec";17237;17763;18128;18369;18689;18913;19163;19237;19368;19623;19803;20206;20405;20763
"Polvijärvi";"Population 31 Dec";4804;4778;4728;4664;4609;4556;4514;4414;4307;4246;4201;4161;4084;4064
"Pomarkku";"Population 31 Dec";2460;2415;2373;2340;2275;2240;2233;2166;2146;2089;2063;2013;1980;1943
"Pori";"Population 31 Dec";85026;85078;85201;85399;85418;85363;85059;84587;84403;83934;83684;83482;83205;83106
"Pornainen";"Population 31 Dec";5107;5122;5137;5145;5148;5125;5108;5121;5068;5035;5070;5066;5011;4973
"Porvoo";"Population 31 Dec";48768;48833;49028;49426;49728;49928;50144;50159;50262;50380;50619;51149;51232;51289
"Posio";"Population 31 Dec";3874;3818;3738;3647;3633;3477;3424;3310;3237;3183;3117;3066;2999;2923
"Pudasjärvi";"Population 31 Dec";8827;8695;8620;8537;8399;8257;8187;8103;7990;7873;7779;7702;7603;7479
"Pukkila";"Population 31 Dec";2024;2016;2047;2036;2013;1971;1988;1940;1899;1860;1833;1848;1807;1781
"Punkalaidun";"Population 31 Dec";3281;3236;3203;3173;3117;3049;3003;2949;2896;2828;2785;2721;2675;2650
"Puolanka";"Population 31 Dec";3063;2997;2931;2878;2824;2776;2735;2669;2597;2528;2491;2446;2380;2359
"Puumala";"Population 31 Dec";2477;2419;2374;2319;2306;2260;2234;2208;2197;2151;2137;2117;2107;2108
"Pyhtää";"Population 31 Dec";5355;5372;5377;5384;5354;5321;5340;5264;5187;5140;5125;5119;5117;5065
"Pyhäjoki";"Population 31 Dec";3393;3361;3311;3356;3290;3211;3188;3189;3146;3077;3051;3048;2991;2980
"Pyhäjärvi";"Population 31 Dec";5946;5887;5849;5731;5562;5505;5446;5337;5248;5131;5033;4964;4835;4756
"Pyhäntä";"Population 31 Dec";1633;1584;1566;1545;1562;1587;1579;1579;1557;1578;1593;1631;1635;1646
"Pyhäranta";"Population 31 Dec";2236;2206;2199;2177;2136;2136;2075;2077;2028;2004;1994;1985;1963;1930
"Pälkäne";"Population 31 Dec";6950;6882;6838;6795;6722;6676;6627;6567;6499;6435;6415;6439;6347;6337
"Pöytyä";"Population 31 Dec";8494;8474;8569;8590;8619;8562;8503;8422;8333;8276;8229;8222;8154;8130
"Raahe";"Population 31 Dec";25656;25652;25659;25507;25383;25165;25010;25001;24811;24679;24353;24260;24073;23797
"Raseborg";"Population 31 Dec";29065;28959;28829;28695;28674;28405;28077;27851;27592;27536;27528;27484;27306;27209
"Raisio";"Population 31 Dec";24427;24559;24562;24565;24371;24290;24283;24234;24178;24056;24407;24810;24942;25331
"Rantasalmi";"Population 31 Dec";3996;3949;3921;3872;3815;3733;3649;3553;3514;3431;3364;3330;3308;3297
"Ranua";"Population 31 Dec";4337;4262;4227;4154;4093;4020;4023;3972;3896;3783;3712;3670;3618;3599
"Rauma";"Population 31 Dec";39715;39820;39842;39979;39970;39809;39614;39620;39360;39205;39040;38959;38667;38832
"Rautalampi";"Population 31 Dec";3475;3481;3444;3426;3374;3303;3288;3255;3196;3121;3053;3033;2964;2933
"Rautavaara";"Population 31 Dec";1872;1848;1813;1784;1768;1737;1723;1698;1651;1602;1561;1513;1477;1424
"Rautjärvi";"Population 31 Dec";3937;3832;3784;3682;3626;3537;3473;3436;3335;3226;3146;3092;3093;3032
"Reisjärvi";"Population 31 Dec";2973;2996;2961;2925;2901;2894;2854;2813;2743;2718;2710;2690;2636;2598
"Riihimäki";"Population 31 Dec";28803;29018;29215;29318;29350;29269;29160;29021;28736;28793;28710;28521;28349;28483
"Ristijärvi";"Population 31 Dec";1513;1489;1450;1427;1416;1351;1345;1317;1288;1272;1235;1210;1174;1164
"Rovaniemi";"Population 31 Dec";60090;60637;60877;61215;61551;61838;62231;62420;62922;63042;63528;64180;64535;65286
"Ruokolahti";"Population 31 Dec";5668;5595;5577;5507;5404;5312;5245;5218;5099;4994;4922;4913;4842;4758
"Ruovesi";"Population 31 Dec";5038;4940;4868;4771;4689;4623;4565;4459;4398;4283;4215;4155;4114;4124
"Rusko";"Population 31 Dec";5816;5870;5907;5995;6045;6110;6137;6263;6251;6327;6354;6379;6428;6436
"Rääkkylä";"Population 31 Dec";2554;2532;2490;2467;2435;2349;2268;2240;2181;2126;2066;2032;1960;1902
"Saarijärvi";"Population 31 Dec";10580;10380;10258;10165;10084;9915;9690;9589;9415;9309;9208;9117;8975;8847
"Salla";"Population 31 Dec";4162;4052;3979;3890;3781;3727;3653;3575;3491;3400;3407;3416;3336;3344
"Salo";"Population 31 Dec";55235;55283;54858;54478;54238;53890;53546;52984;52321;51833;51562;51400;50933;51100
"Saltvik";"Population 31 Dec";1802;1810;1823;1813;1825;1829;1839;1873;1858;1849;1806;1810;1793;1791
"Sastamala";"Population 31 Dec";25764;25763;25747;25511;25372;25220;25062;24820;24651;24277;24052;23998;23734;23515
"Sauvo";"Population 31 Dec";3045;3043;3033;3032;2999;3019;3047;3007;2994;2945;2950;2959;2917;2974
"Savitaipale";"Population 31 Dec";3863;3789;3764;3729;3667;3613;3534;3480;3429;3383;3326;3261;3256;3216
"Savonlinna";"Population 31 Dec";37059;36854;36584;36256;35944;35523;35242;34664;33611;32974;32662;32547;32085;31843
"Savukoski";"Population 31 Dec";1179;1156;1127;1126;1103;1061;1044;1012;1015;1005;1009;1009;988;978
"Seinäjoki";"Population 31 Dec";57811;58703;59556;60354;60880;61530;62052;62676;63288;63781;64130;64736;65323;66160
"Sievi";"Population 31 Dec";5310;5285;5241;5198;5154;5124;5069;5035;4980;4910;4834;4781;4735;4713
"Siikainen";"Population 31 Dec";1654;1661;1641;1632;1593;1527;1494;1476;1458;1437;1385;1352;1308;1283
"Siikajoki";"Population 31 Dec";5682;5639;5597;5593;5526;5466;5366;5343;5249;5145;5034;5028;4897;4837
"Siikalatva";"Population 31 Dec";6179;6061;5983;5857;5816;5677;5583;5447;5301;5231;5203;5131;5029;4931
"Siilinjärvi";"Population 31 Dec";21010;21311;21431;21567;21668;21794;21768;21657;21674;21423;21251;21293;21232;21290
"Simo";"Population 31 Dec";3489;3441;3429;3356;3296;3238;3170;3110;3045;2988;2950;2904;2877;2828
"Sipoo";"Population 31 Dec";18253;18526;18739;18914;19034;19399;19922;20310;20666;21170;21687;22190;22320;22595
"Siuntio";"Population 31 Dec";6104;6148;6170;6183;6199;6182;6178;6146;6134;6145;6149;6198;6217;6158
"Sodankylä";"Population 31 Dec";8779;8806;8834;8884;8820;8782;8653;8545;8444;8303;8266;8187;8134;8126
"Soini";"Population 31 Dec";2391;2360;2329;2284;2273;2224;2186;2114;2085;2052;2007;1997;1942;1873
"Somero";"Population 31 Dec";9330;9268;9229;9146;9173;9093;9027;8919;8828;8711;8646;8563;8426;8410
"Sonkajärvi";"Population 31 Dec";4671;4600;4493;4454;4336;4278;4199;4075;3967;3897;3841;3777;3672;3637
"Sotkamo";"Population 31 Dec";10702;10697;10682;10659;10598;10523;10471;10423;10389;10336;10301;10348;10354;10274
"Sottunga";"Population 31 Dec";119;103;101;100;101;99;96;92;91;88;101;105;111;115
"Sulkava";"Population 31 Dec";2938;2876;2844;2794;2789;2724;2661;2588;2530;2492;2482;2430;2375;2368
"Sund";"Population 31 Dec";1019;1032;1035;1029;1035;1031;1006;1031;1028;1023;1007;1019;1001;995
"Suomussalmi";"Population 31 Dec";9156;8943;8813;8661;8486;8336;8187;8051;7862;7727;7594;7508;7367;7172
"Suonenjoki";"Population 31 Dec";7598;7577;7496;7456;7419;7390;7312;7266;7145;7064;6931;6891;6763;6708
"Sysmä";"Population 31 Dec";4305;4261;4178;4139;4097;4040;3953;3859;3753;3657;3631;3584;3504;3496
"Säkylä";"Population 31 Dec";7527;7477;7381;7255;7186;7070;6988;6903;6811;6721;6646;6588;6419;6377
"Taipalsaari";"Population 31 Dec";4911;4855;4840;4826;4798;4815;4832;4774;4715;4671;4628;4595;4559;4625
"Taivalkoski";"Population 31 Dec";4459;4422;4313;4251;4231;4199;4133;4058;4024;3976;3916;3913;3825;3731
"Taivassalo";"Population 31 Dec";1700;1690;1682;1667;1645;1633;1622;1654;1662;1639;1659;1677;1691;1705
"Tammela";"Population 31 Dec";6591;6554;6542;6474;6395;6280;6241;6155;6081;6015;6016;5967;5879;5844
"Tampere";"Population 31 Dec";213217;215168;217421;220446;223004;225118;228274;231853;235239;238140;241009;244223;249009;255050
"Tervo";"Population 31 Dec";1706;1700;1704;1669;1627;1608;1611;1585;1567;1520;1503;1479;1441;1412
"Tervola";"Population 31 Dec";3444;3387;3339;3306;3239;3195;3099;3068;3062;3001;2925;2882;2863;2831
"Teuva";"Population 31 Dec";5923;5847;5767;5656;5543;5482;5363;5269;5158;5076;4994;4952;4862;4758
"Tohmajärvi";"Population 31 Dec";5008;4992;4897;4876;4794;4738;4653;4571;4482;4361;4307;4241;4160;4066
"Toholampi";"Population 31 Dec";3480;3485;3426;3381;3354;3311;3232;3192;3112;3033;2966;2938;2903;2849
"Toivakka";"Population 31 Dec";2418;2475;2455;2466;2472;2431;2432;2384;2406;2388;2401;2387;2407;2368
"Tornio";"Population 31 Dec";22513;22545;22489;22371;22322;22199;22117;21928;21875;21602;21467;21333;21227;21018
"Turku";"Population 31 Dec";177326;178630;180225;182072;183824;185908;187604;189669;191331;192962;194391;195137;197900;201863
"Tuusniemi";"Population 31 Dec";2864;2820;2795;2802;2750;2719;2643;2597;2551;2477;2433;2420;2394;2313
"Tuusula";"Population 31 Dec";37214;37667;37936;38125;38198;38459;38588;38646;38664;38599;38783;39718;40384;41338
"Tyrnävä";"Population 31 Dec";6416;6462;6613;6642;6735;6793;6750;6730;6758;6637;6603;6593;6562;6525
"Ulvila";"Population 31 Dec";13606;13554;13470;13361;13322;13352;13312;13237;13021;12871;12735;12669;12599;12533
"Urjala";"Population 31 Dec";5335;5246;5174;5105;4984;4928;4858;4829;4792;4688;4644;4669;4569;4568
"Utajärvi";"Population 31 Dec";2998;2951;2950;2945;2907;2861;2824;2768;2702;2676;2619;2568;2523;2491
"Utsjoki";"Population 31 Dec";1297;1294;1285;1279;1260;1250;1241;1242;1232;1212;1219;1176;1180;1139
"Uurainen";"Population 31 Dec";3455;3507;3569;3594;3611;3666;3717;3747;3783;3681;3646;3634;3592;3615
"Nykarleby";"Population 31 Dec";7458;7516;7531;7524;7533;7564;7516;7521;7455;7464;7479;7497;7434;7500
"Uusikaupunki";"Population 31 Dec";15833;15685;15499;15463;15567;15510;15404;15752;15700;15522;15378;15463;15092;14938
"Vaala";"Population 31 Dec";3370;3314;3250;3193;3139;3074;3040;2941;2869;2792;2737;2673;2626;2589
"Vaasa";"Population 31 Dec";64345;65173;65674;66321;66965;67619;67620;67392;67552;67636;67551;67615;67988;68956
"Valkeakoski";"Population 31 Dec";20844;21022;21172;21129;21162;21332;21346;21136;21137;20972;20765;20695;20703;20694
"Vantaa";"Population 31 Dec";200055;203001;205312;208098;210803;214605;219341;223027;228166;233775;237231;239206;242819;247443
"Varkaus";"Population 31 Dec";22777;22606;22340;22107;21860;21638;21468;21155;20829;20466;20278;19973;19759;19727
"Vehmaa";"Population 31 Dec";2378;2353;2324;2330;2339;2276;2277;2316;2285;2293;2292;2271;2228;2245
"Vesanto";"Population 31 Dec";2426;2390;2328;2288;2244;2191;2148;2094;2058;2014;1972;1941;1894;1895
"Vesilahti";"Population 31 Dec";4345;4383;4437;4473;4492;4489;4462;4460;4393;4355;4367;4444;4501;4469
"Veteli";"Population 31 Dec";3466;3405;3382;3332;3342;3302;3259;3216;3166;3114;3065;3004;2946;2936
"Vieremä";"Population 31 Dec";3982;3962;3930;3874;3816;3757;3721;3685;3676;3579;3522;3490;3427;3387
"Vihti";"Population 31 Dec";28311;28581;28674;28929;28995;28919;28967;29054;29211;29158;29160;29239;28913;28811
"Viitasaari";"Population 31 Dec";7174;7065;6957;6895;6780;6666;6607;6411;6264;6176;6097;6070;5951;5877
"Vimpeli";"Population 31 Dec";3255;3222;3205;3171;3106;3073;3025;2974;2901;2827;2784;2756;2671;2656
"Virolahti";"Population 31 Dec";3516;3485;3487;3435;3399;3347;3267;3207;3150;3109;3087;3040;2985;2927
"Virrat";"Population 31 Dec";7514;7453;7384;7280;7157;7002;6917;6844;6739;6544;6510;6465;6395;6275
"Vårdö";"Population 31 Dec";452;449;422;433;439;441;439;430;448;447;460;463;451;471
"Vörå";"Population 31 Dec";6689;6743;6680;6691;6705;6714;6684;6616;6613;6461;6388;6376;6287;6291
"Ylitornio";"Population 31 Dec";4731;4650;4556;4482;4348;4291;4200;4118;4022;3918;3890;3830;3788;3765
"Ylivieska";"Population 31 Dec";14067;14266;14533;14748;14976;15039;15199;15251;15212;15255;15304;15357;15293;15369
"Ylöjärvi";"Population 31 Dec";30500;30942;31515;31743;32260;32738;32799;32878;32983;33254;33352;33533;33607;33677
"Ypäjä";"Population 31 Dec";2565;2550;2509;2483;2468;2411;2382;2372;2357;2343;2314;2282;2237;2207
"Ähtäri";"Population 31 Dec";6482;6412;6363;6271;6178;6068;5985;5906;5703;5616;5522;5484;5406;5316
"Äänekoski";"Population 31 Dec";20244;20334;20265;20077;19909;19646;19374;19144;18851;18765;18577;18318;18120;17971
"MA1 MAINLAND FINLAND";"Population 31 Dec";5347269;5372913;5398173;5422604;5442837;5458325;5474083;5483641;5488130;5495408;5503664;5517897;5533611;5573310
"SA1 Helsinki-Uusimaa";"Population 31 Dec";1532309;1549058;1566835;1585473;1603388;1620261;1638293;1655624;1671024;1689725;1702678;1714741;1733033;1759537
"SA2 Southern Finland";"Population 31 Dec";1156791;1159039;1160732;1161882;1161706;1160491;1159174;1157001;1152719;1148794;1147484;1146312;1144473;1148632
"SA3 Western Finland";"Population 31 Dec";1360041;1365259;1370384;1374403;1377281;1379116;1380593;1380365;1379749;1378652;1378851;1382245;1384761;1392461
"SA4 Northern and Eastern Finland";"Population 31 Dec";1298128;1299557;1300222;1300846;1300462;1298457;1296023;1290651;1284638;1278237;1274651;1274599;1271344;1272680
"MK01 Uusimaa";"Population 31 Dec";1532309;1549058;1566835;1585473;1603388;1620261;1638293;1655624;1671024;1689725;1702678;1714741;1733033;1759537
"MK02 Southwest Finland";"Population 31 Dec";465183;467217;468936;470880;472725;474323;475543;477677;478582;479341;481403;483477;485567;490786
"MK04 Satakunta";"Population 31 Dec";225762;225302;224934;224556;223983;222957;221740;220398;218624;216752;215416;214281;212556;211740
"MK05 Kanta-Häme";"Population 31 Dec";174555;175230;175472;175481;175350;174710;173781;172720;171364;170925;170577;170213;169537;169547
"MK06 Pirkanmaa";"Population 31 Dec";491746;495242;499006;502575;505756;508448;511642;514333;517333;519872;522852;527478;532671;539309
"MK07 Päijät-Häme";"Population 31 Dec";208777;209238;209503;209405;208959;208525;208574;208048;207394;206315;205771;205124;204528;204479
"MK08 Kymenlaakso";"Population 31 Dec";175377;174827;174466;173864;172908;171778;170770;168691;166623;164456;162812;161391;159488;158658
"MK09 South Karelia";"Population 31 Dec";132899;132527;132355;132252;131764;131155;130506;129865;128756;127757;126921;126107;125353;125162
"MK10 South Savo";"Population 31 Dec";146166;145353;144393;143638;142746;141621;140422;138822;136474;134314;132702;131688;130451;129914
"MK11 North Savo";"Population 31 Dec";253337;253472;253524;253643;253585;253239;252815;251570;250414;249003;248265;248363;247689;248190
"MK12 North Karelia";"Population 31 Dec";169778;169733;169496;169112;168896;168329;167599;166441;165569;164465;163537;163281;162540;162321
"MK13 Central Finland";"Population 31 Dec";271083;271874;272723;272911;272986;273446;273910;273779;273283;272898;272617;272683;272437;273271
"MK14 South Ostrobothnia";"Population 31 Dec";198469;198671;198944;198831;198242;197371;196572;195583;194316;193207;192150;191762;190774;190539
"MK15 Ostrobothnia";"Population 31 Dec";172981;174170;174777;175530;176314;176894;176729;176272;176193;175923;175816;176041;176323;177602
"MK16 Central Ostrobothnia";"Population 31 Dec";68321;68484;68610;68677;68832;69032;69027;68780;68437;68158;67988;67915;67805;67736
"MK17 North Ostrobothnia";"Population 31 Dec";398335;401201;403920;406480;408536;410054;411150;411856;412161;412830;413830;415603;416543;418205
"MK18 Kainuu";"Population 31 Dec";78703;77984;77435;76782;76119;75324;74803;73959;73061;72306;71664;71255;70521;70164
"MK19 Lapland";"Population 31 Dec";183488;183330;182844;182514;181748;180858;180207;179223;178522;177161;176665;176494;175795;176150
"MA2 ÅLAND";"Population 31 Dec";28007;28354;28501;28666;28916;28983;29214;29489;29789;29884;30129;30344;30359;30541
"SA5 Åland";"Population 31 Dec";28007;28354;28501;28666;28916;28983;29214;29489;29789;29884;30129;30344;30359;30541
"MK21 Åland";"Population 31 Dec";28007;28354;28501;28666;28916;28983;29214;29489;29789;29884;30129;30344;30359;30541
"YTA1 Southern Finland collaborative area";"Population 31 Dec";2049362;2065650;2083159;2100994;2117019;2131719;2148143;2162228;2173797;2188253;2198182;2207363;2222402;2247836
"YTA2 Eastern Finland collaborative area";"Population 31 Dec";840364;840432;840136;839304;838213;836635;834746;830612;825740;820680;817121;816015;813117;813696
"YTA3 Inland Finland collaborative area";"Population 31 Dec";864770;869143;873422;876887;879348;880529;881995;882636;883013;884004;885579;889453;892982;899395
"YTA4 Western Finland collaborative area";"Population 31 Dec";863926;866689;868647;870966;873022;874174;874012;874347;873399;872016;872635;873799;874446;880128
"YTA5 Northern Finland collaborative area";"Population 31 Dec";728847;730999;732809;734453;735235;735268;735187;733818;732181;730455;730147;731267;730664;732255
"YTA6 Åland";"Population 31 Dec";28007;28354;28501;28666;28916;28983;29214;29489;29789;29884;30129;30344;30359;30541
"HVA01 East Uusimaa wellbeing services county";"Population 31 Dec";94382;94694;95142;95667;96083;96456;97033;97159;97263;97613;98254;99073;98972;98987
"HVA02 Central Uusimaa wellbeing services county";"Population 31 Dec";186402;187762;189508;191123;192300;193529;194684;196040;196997;197529;199330;201854;203192;205444
"HVA03 West Uusimaa wellbeing services county";"Population 31 Dec";428639;433668;438414;443008;448170;452170;456543;460572;464302;470217;473838;478919;486346;494952
"HVA04 Vantaa and Kerava wellbeing services county";"Population 31 Dec";234337;237550;239803;243011;246120;249898;254852;258581;264420;270531;274336;276438;280495;285654
"HVA05 Southwest Finland wellbeing services county";"Population 31 Dec";465183;467217;468936;470880;472725;474323;475543;477677;478582;479341;481403;483477;485567;490786
"HVA06 Satakunta wellbeing services county";"Population 31 Dec";225762;225302;224934;224556;223983;222957;221740;220398;218624;216752;215416;214281;212556;211740
"HVA07 Kanta-Häme wellbeing services county";"Population 31 Dec";174555;175230;175472;175481;175350;174710;173781;172720;171364;170925;170577;170213;169537;169547
"HVA08 Pirkanmaa wellbeing services county";"Population 31 Dec";491746;495242;499006;502575;505756;508448;511642;514333;517333;519872;522852;527478;532671;539309
"HVA09 Päijät-Häme wellbeing services county";"Population 31 Dec";208777;209238;209503;209405;208959;208525;208574;208048;207394;206315;205771;205124;204528;204479
"HVA10 Kymenlaakso wellbeing services county";"Population 31 Dec";175377;174827;174466;173864;172908;171778;170770;168691;166623;164456;162812;161391;159488;158658
"HVA11 South Karelia wellbeing services county";"Population 31 Dec";132899;132527;132355;132252;131764;131155;130506;129865;128756;127757;126921;126107;125353;125162
"HVA12 South Savo wellbeing services county";"Population 31 Dec";146166;145353;144393;143638;142746;141621;140422;138822;136474;134314;132702;131688;130451;129914
"HVA13 North Savo wellbeing services county";"Population 31 Dec";253337;253472;253524;253643;253585;253239;252815;251570;250414;249003;248265;248363;247689;248190
"HVA14 North Karelia wellbeing services county";"Population 31 Dec";169778;169733;169496;169112;168896;168329;167599;166441;165569;164465;163537;163281;162540;162321
"HVA15 Central Finland wellbeing services county";"Population 31 Dec";271083;271874;272723;272911;272986;273446;273910;273779;273283;272898;272617;272683;272437;273271
"HVA16 South Ostrobothnia wellbeing services county";"Population 31 Dec";198469;198671;198944;198831;198242;197371;196572;195583;194316;193207;192150;191762;190774;190539
"HVA17 Ostrobothnia wellbeing services county";"Population 31 Dec";172981;174170;174777;175530;176314;176894;176729;176272;176193;175923;175816;176041;176323;177602
"HVA18 Central Ostrobothnia wellbeing services county";"Population 31 Dec";68321;68484;68610;68677;68832;69032;69027;68780;68437;68158;67988;67915;67805;67736
"HVA19 North Ostrobothnia wellbeing services county";"Population 31 Dec";398335;401201;403920;406480;408536;410054;411150;411856;412161;412830;413830;415603;416543;418205
"HVA20 Kainuu wellbeing services county";"Population 31 Dec";78703;77984;77435;76782;76119;75324;74803;73959;73061;72306;71664;71255;70521;70164
"HVA21 Lapland wellbeing services county";"Population 31 Dec";183488;183330;182844;182514;181748;180858;180207;179223;178522;177161;176665;176494;175795;176150
"HVA90 City of Helsinki";"Population 31 Dec";588549;595384;603968;612664;620715;628208;635181;643272;648042;653835;656920;658457;664028;674500
"HVA91 Åland";"Population 31 Dec";28007;28354;28501;28666;28916;28983;29214;29489;29789;29884;30129;30344;30359;30541
"SK011 Helsinki";"Population 31 Dec";1412107;1428953;1446798;1465354;1483084;1500394;1518857;1536926;1553053;1572161;1585220;1597042;1615859;1642836
"SK014 Raasepori";"Population 31 Dec";44073;43937;43634;43366;43255;42810;42325;41849;41374;41121;40891;40816;40522;40309
"SK015 Porvoo";"Population 31 Dec";57662;57768;58055;58440;58790;58972;59164;59058;59041;59065;59201;59660;59566;59485
"SK016 Loviisa";"Population 31 Dec";18467;18400;18348;18313;18259;18085;17947;17791;17556;17378;17366;17223;17086;16907
"SK021 Åboland-Turunmaa";"Population 31 Dec";22692;22678;22636;22519;22437;22366;22270;22078;21941;21772;21714;21700;21540;21461
"SK022 Salo";"Population 31 Dec";64565;64551;64087;63624;63411;62983;62573;61903;61149;60544;60208;59963;59359;59510
"SK023 Turku";"Population 31 Dec";311300;313602;315982;318590;320623;323185;325340;328072;330173;332288;335145;337588;341345;346644
"SK024 Vakka-Suomi";"Population 31 Dec";31461;31228;31053;30993;31121;30970;30806;31332;31248;30995;30753;30823;30290;30208
"SK025 Loimaa";"Population 31 Dec";35165;35158;35178;35154;35133;34819;34554;34292;34071;33742;33583;33403;33033;32963
"SK041 Rauma";"Population 31 Dec";68994;68918;68911;68888;68764;68294;68024;67954;67373;66960;66621;66298;65573;65536
"SK043 Pori";"Population 31 Dec";136417;136195;136062;135751;135467;135151;134462;133406;132457;131368;130623;129994;129224;128629
"SK044 Pohjois-Satakunta";"Population 31 Dec";20351;20189;19961;19917;19752;19512;19254;19038;18794;18424;18172;17989;17759;17575
"SK051 Hämeenlinna";"Population 31 Dec";93378;93912;94138;94332;94554;94611;94241;93879;93454;93468;93474;93716;93682;93813
"SK052 Riihimäki";"Population 31 Dec";45891;46202;46417;46467;46456;46173;45899;45553;45014;44881;44738;44463;44129;44173
"SK053 Forssa";"Population 31 Dec";35286;35116;34917;34682;34340;33926;33641;33288;32896;32576;32365;32034;31726;31561
"SK061 Luoteis-Pirkanmaa";"Population 31 Dec";16632;16536;16411;16250;16186;16011;15814;15648;15382;15211;15040;14971;14815;14722
"SK063 Etelä-Pirkanmaa";"Population 31 Dec";43191;43359;43480;43342;43198;43303;43127;42734;42540;42135;41800;41831;41745;41667
"SK064 Tampere";"Population 31 Dec";376819;380601;384768;389311;393281;396648;400749;404719;408860;412895;416977;421988;428065;435377
"SK068 Lounais-Pirkanmaa";"Population 31 Dec";29045;28999;28950;28684;28489;28269;28065;27769;27547;27105;26837;26719;26409;26165
"SK069 Ylä-Pirkanmaa";"Population 31 Dec";26059;25747;25397;24988;24602;24217;23887;23463;23004;22526;22198;21969;21637;21378
"SK071 Lahti";"Population 31 Dec";208777;209238;209503;209405;208959;208525;208574;208048;207394;206315;205771;205124;204528;204479
"SK081 Kouvola";"Population 31 Dec";88072;87567;87296;86926;86453;85855;85306;84196;83177;82113;81187;80454;79429;78880
"SK082 Kotka-Hamina";"Population 31 Dec";87305;87260;87170;86938;86455;85923;85464;84495;83446;82343;81625;80937;80059;79778
"SK091 Lappeenranta";"Population 31 Dec";88967;88964;89109;89335;89324;89236;89145;88973;88548;88295;88123;87880;87772;88087
"SK093 Imatra";"Population 31 Dec";43932;43563;43246;42917;42440;41919;41361;40892;40208;39462;38798;38227;37581;37075
"SK101 Mikkeli";"Population 31 Dec";73727;73506;73322;73222;73028;72819;72521;72047;71256;70258;69518;68879;68496;68302
"SK103 Savonlinna";"Population 31 Dec";45608;45245;44881;44444;44051;43453;43005;42221;41060;40258;39877;39669;39109;38828
"SK105 Pieksämäki";"Population 31 Dec";26831;26602;26190;25972;25667;25349;24896;24554;24158;23798;23307;23140;22846;22784
"SK111 Ylä-Savo";"Population 31 Dec";57946;57688;57238;56792;56297;55681;55056;54307;53627;52920;52175;51595;50765;50200
"SK112 Kuopio";"Population 31 Dec";133346;134230;135486;136675;137839;138715;139508;139866;140338;140705;141461;142836;143826;145311
"SK113 Koillis-Savo";"Population 31 Dec";8113;8053;7923;7847;7732;7650;7520;7343;7192;6972;6801;6711;6560;6365
"SK114 Varkaus";"Population 31 Dec";38727;38353;37905;37490;37053;36701;36372;35854;35291;34687;34369;33877;33476;33366
"SK115 Sisä-Savo";"Population 31 Dec";15205;15148;14972;14839;14664;14492;14359;14200;13966;13719;13459;13344;13062;12948
"SK122 Joensuu";"Population 31 Dec";126897;127313;127640;127699;128120;128318;128249;127864;127666;127406;127011;127165;127078;127306
"SK124 Keski-Karjala";"Population 31 Dec";19228;19039;18728;18540;18215;17919;17640;17297;17021;16623;16306;16150;15847;15657
"SK125 Pielisen Karjala";"Population 31 Dec";23653;23381;23128;22873;22561;22092;21710;21280;20882;20436;20220;19966;19615;19358
"SK131 Jyväskylä";"Population 31 Dec";173651;175324;177104;178407;179660;181369;183050;184333;185430;186252;187111;188069;189399;191187
"SK132 Joutsa";"Population 31 Dec";5884;5760;5671;5620;5543;5449;5429;5301;5174;5067;4996;4966;4863;4781
"SK133 Keuruu";"Population 31 Dec";12556;12421;12304;12087;11940;11827;11655;11555;11346;11171;11044;10931;10727;10614
"SK134 Jämsä";"Population 31 Dec";22691;22507;22354;22138;21808;21542;21259;20877;20607;20182;19887;19767;19347;19182
"SK135 Äänekoski";"Population 31 Dec";23207;23258;23169;22923;22740;22403;22127;21892;21549;21392;21170;20904;20641;20470
"SK138 Saarijärvi-Viitasaari";"Population 31 Dec";33094;32604;32121;31736;31295;30856;30390;29821;29177;28834;28409;28046;27460;27037
"SK141 Suupohja";"Population 31 Dec";24113;23919;23738;23456;23157;22849;22563;22240;21783;21456;21133;20925;20664;20378
"SK142 Seinäjoki";"Population 31 Dec";129164;129957;130782;131373;131617;131601;131606;131529;131477;131254;131086;131294;131203;131808
"SK144 Kuusiokunnat";"Population 31 Dec";22864;22703;22553;22318;22008;21827;21582;21256;20819;20635;20388;20209;19945;19630
"SK146 Järviseutu";"Population 31 Dec";22328;22092;21871;21684;21460;21094;20821;20558;20237;19862;19543;19334;18962;18723
"SK152 Vaasa";"Population 31 Dec";105406;106580;107177;107970;108817;109471;109511;109074;109266;109114;108907;108980;109257;110163
"SK153 Sydösterbotten";"Population 31 Dec";18021;17912;17817;17686;17558;17465;17462;17419;17329;17211;17240;17231;17082;17028
"SK154 Jakobstadsregionen";"Population 31 Dec";49554;49678;49783;49874;49939;49958;49756;49779;49598;49598;49669;49830;49984;50411
"SK161 Kaustinen";"Population 31 Dec";16324;16202;16101;15971;15911;15872;15726;15537;15278;15013;14790;14616;14447;14195
"SK162 Kokkola";"Population 31 Dec";51997;52282;52509;52706;52921;53160;53301;53243;53159;53145;53198;53299;53358;53541
"SK171 Oulu";"Population 31 Dec";228591;231872;235268;238703;241712;244453;246667;248275;250415;252559;254852;257355;259798;262736
"SK173 Oulunkaari";"Population 31 Dec";24577;24459;24394;24285;24111;23855;23679;23778;23423;23185;22983;22855;22605;22325
"SK174 Raahe";"Population 31 Dec";34731;34652;34567;34456;34199;33842;33564;33533;33206;32901;32438;32336;31961;31614
"SK175 Haapavesi-Siikalatva";"Population 31 Dec";15230;15029;14832;14643;14553;14431;14260;13996;13712;13567;13463;13375;13255;13050
"SK176 Nivala-Haapajärvi";"Population 31 Dec";30455;30362;30196;29935;29583;29371;29176;28827;28488;28074;27677;27385;27051;26806
"SK177 Ylivieska";"Population 31 Dec";43800;44032;44183;44255;44324;44215;44138;44003;43686;43434;43288;43219;42902;42924
"SK178 Koillismaa";"Population 31 Dec";20951;20795;20480;20203;20054;19887;19666;19444;19231;19110;19129;19078;18971;18750
"SK181 Kehys-Kainuu";"Population 31 Dec";24447;23946;23587;23208;22750;22340;21975;21545;21075;20716;20326;20021;19596;19176
"SK182 Kajaani";"Population 31 Dec";54256;54038;53848;53574;53369;52984;52828;52414;51986;51590;51338;51234;50925;50988
"SK191 Rovaniemi";"Population 31 Dec";64427;64899;65104;65369;65644;65858;66254;66392;66818;66825;67240;67850;68153;68885
"SK192 Kemi-Tornio";"Population 31 Dec";60556;60344;60099;59718;59255;58778;58304;57658;57150;56377;55763;55005;54237;53739
"SK193 Torniolaakso";"Population 31 Dec";8711;8562;8375;8221;8024;7914;7765;7628;7460;7291;7194;7126;7050;7018
"SK194 Itä-Lappi";"Population 31 Dec";18641;18294;17900;17612;17356;16989;16733;16389;16067;15801;15655;15520;15266;15187
"SK196 Tunturi-Lappi";"Population 31 Dec";14299;14377;14515;14637;14575;14483;14432;14500;14421;14445;14466;14622;14728;14929
"SK197 Pohjois-Lappi";"Population 31 Dec";16854;16854;16851;16957;16894;16836;16719;16656;16606;16422;16347;16371;16361;16392
"SK211 Mariehamns stad";"Population 31 Dec";11190;11262;11345;11393;11479;11461;11565;11677;11743;11679;11705;11742;11757;11812
"SK212 Ålands landsbygd";"Population 31 Dec";14555;14873;14996;15112;15273;15391;15528;15756;15973;16148;16356;16547;16557;16683
"SK213 Ålands skärgård";"Population 31 Dec";2262;2219;2160;2161;2164;2131;2121;2056;2073;2057;2068;2055;2045;2046
"ELY01 Uusimaa ELY Centre";"Population 31 Dec";1532309;1549058;1566835;1585473;1603388;1620261;1638293;1655624;1671024;1689725;1702678;1714741;1733033;1759537
"ELY02 Southwest Finland ELY Centre";"Population 31 Dec";465183;467217;468936;470880;472725;474323;475543;477677;478582;479341;481403;483477;485567;490786
"ELY03 Satakunta ELY Centre";"Population 31 Dec";225762;225302;224934;224556;223983;222957;221740;220398;218624;216752;215416;214281;212556;211740
"ELY04 Häme ELY Centre";"Population 31 Dec";383332;384468;384975;384886;384309;383235;382355;380768;378758;377240;376348;375337;374065;374026
"ELY05 Pirkanmaa ELY Centre";"Population 31 Dec";491746;495242;499006;502575;505756;508448;511642;514333;517333;519872;522852;527478;532671;539309
"ELY06 Southeast Finland  ELY Centre";"Population 31 Dec";308276;307354;306821;306116;304672;302933;301276;298556;295379;292213;289733;287498;284841;283820
"ELY07 South Savo ELY Centre";"Population 31 Dec";146166;145353;144393;143638;142746;141621;140422;138822;136474;134314;132702;131688;130451;129914
"ELY08 North Savo ELY Centre";"Population 31 Dec";253337;253472;253524;253643;253585;253239;252815;251570;250414;249003;248265;248363;247689;248190
"ELY09 North Karelia ELY Centre";"Population 31 Dec";169778;169733;169496;169112;168896;168329;167599;166441;165569;164465;163537;163281;162540;162321
"ELY10 Central Finland ELY Centre";"Population 31 Dec";271083;271874;272723;272911;272986;273446;273910;273779;273283;272898;272617;272683;272437;273271
"ELY11 South Ostrobothnia ELY Centre";"Population 31 Dec";198469;198671;198944;198831;198242;197371;196572;195583;194316;193207;192150;191762;190774;190539
"ELY12 Ostrobothnia ELY Centre";"Population 31 Dec";241302;242654;243387;244207;245146;245926;245756;245052;244630;244081;243804;243956;244128;245338
"ELY13 North Ostrobothnia ELY Centre";"Population 31 Dec";398335;401201;403920;406480;408536;410054;411150;411856;412161;412830;413830;415603;416543;418205
"ELY14 Kainuu ELY Centre";"Population 31 Dec";78703;77984;77435;76782;76119;75324;74803;73959;73061;72306;71664;71255;70521;70164
"ELY15 Lapland ELY Centre";"Population 31 Dec";183488;183330;182844;182514;181748;180858;180207;179223;178522;177161;176665;176494;175795;176150
"ELY16 Åland";"Population 31 Dec";28007;28354;28501;28666;28916;28983;29214;29489;29789;29884;30129;30344;30359;30541
"AVI1 Southern Finland AVI";"Population 31 Dec";2223917;2240880;2258631;2276475;2292369;2306429;2321924;2334948;2345161;2359178;2368759;2377576;2391939;2417383
"AVI2 Southwestern Finland AVI";"Population 31 Dec";690945;692519;693870;695436;696708;697280;697283;698075;697206;696093;696819;697758;698123;702526
"AVI3 Eastern Finland AVI";"Population 31 Dec";569281;568558;567413;566393;565227;563189;560836;556833;552457;547782;544504;543332;540680;540425
"AVI4 Western and Inland Finland AVI";"Population 31 Dec";1202600;1208441;1214060;1218524;1222130;1225191;1227880;1228747;1229562;1230058;1231423;1235879;1240010;1248457
"AVI5 Northern Finland AVI";"Population 31 Dec";477038;479185;481355;483262;484655;485378;485953;485815;485222;485136;485494;486858;487064;488369
"AVI6 Lapland AVI";"Population 31 Dec";183488;183330;182844;182514;181748;180858;180207;179223;178522;177161;176665;176494;175795;176150
"AVI7 State Department of Åland";"Population 31 Dec";28007;28354;28501;28666;28916;28983;29214;29489;29789;29884;30129;30344;30359;30541
"TK1 Urban municipalities";"Population 31 Dec";3707204;3737716;3768948;3801035;3830110;3857463;3884898;3907707;3929125;3952780;3972997;3994476;4024600;4073592
"TK2 Semi-urban municipalities";"Population 31 Dec";908985;910205;910157;908738;906938;903228;898709;894480;887671;881410;876487;874356;868901;865617
"TK3 Rural municipalities";"Population 31 Dec";759087;753346;747569;741497;734705;726617;719690;710943;701123;691102;684309;679409;670469;664642
"VP01 Helsinki constituency";"Population 31 Dec";588549;595384;603968;612664;620715;628208;635181;643272;648042;653835;656920;658457;664028;674500
"VP02 Uusimaa constituency";"Population 31 Dec";943760;953674;962867;972809;982673;992053;1003112;1012352;1022982;1035890;1045758;1056284;1069005;1085037
"VP03 Varsinais-Suomi constituency";"Population 31 Dec";465183;467217;468936;470880;472725;474323;475543;477677;478582;479341;481403;483477;485567;490786
"VP04 Satakunta constituency";"Population 31 Dec";225762;225302;224934;224556;223983;222957;221740;220398;218624;216752;215416;214281;212556;211740
"VP06 Häme constituency";"Population 31 Dec";383332;384468;384975;384886;384309;383235;382355;380768;378758;377240;376348;375337;374065;374026
"VP07 Pirkanmaa constituency";"Population 31 Dec";491746;495242;499006;502575;505756;508448;511642;514333;517333;519872;522852;527478;532671;539309
"VP08 Southeast Finland constituency";"Population 31 Dec";454442;452707;451214;449754;447418;444554;441698;437378;431853;426527;422435;419186;415292;413734
"VP09 Savo-Karelia constituency";"Population 31 Dec";423115;423205;423020;422755;422481;421568;420414;418011;415983;413468;411802;411644;410229;410511
"VP10 Vaasa constituency";"Population 31 Dec";439771;441325;442331;443038;443388;443297;442328;440635;438946;437288;435954;435718;434902;435877
"VP11 Central Finland constituency";"Population 31 Dec";271083;271874;272723;272911;272986;273446;273910;273779;273283;272898;272617;272683;272437;273271
"VP12 Oulu constituency";"Population 31 Dec";477038;479185;481355;483262;484655;485378;485953;485815;485222;485136;485494;486858;487064;488369
"VP13 Lapland constituency";"Population 31 Dec";183488;183330;182844;182514;181748;180858;180207;179223;178522;177161;176665;176494;175795;176150
"VP05 Åland constituency";"Population 31 Dec";28007;28354;28501;28666;28916;28983;29214;29489;29789;29884;30129;30344;30359;30541
"PL5500 Helsinki Police Department";"Population 31 Dec";588549;595384;603968;612664;620715;628208;635181;643272;648042;653835;656920;658457;664028;674500
"PL5530 Western Uusimaa Police Department";"Population 31 Dec";428639;433668;438414;443008;448170;452170;456543;460572;464302;470217;473838;478919;486346;494952
"PL5560 Eastern Uusimaa Police Department";"Population 31 Dec";515121;520006;524453;529801;534503;539883;546569;551780;558680;565673;571920;577365;582659;590085
"PL5590 Häme Police Department";"Population 31 Dec";383332;384468;384975;384886;384309;383235;382355;380768;378758;377240;376348;375337;374065;374026
"PL5620 Southeastern Finland Police Department";"Population 31 Dec";308276;307354;306821;306116;304672;302933;301276;298556;295379;292213;289733;287498;284841;283820
"PL5650 Southwestern Finland Police Department";"Population 31 Dec";690945;692519;693870;695436;696708;697280;697283;698075;697206;696093;696819;697758;698123;702526
"PL5680 Central Finland Police Department";"Population 31 Dec";762829;767116;771729;775486;778742;781894;785552;788112;790616;792770;795469;800161;805108;812580
"PL5710 Ostrobothnia Police Department";"Population 31 Dec";439771;441325;442331;443038;443388;443297;442328;440635;438946;437288;435954;435718;434902;435877
"PL5740 Eastern Finland Police Department";"Population 31 Dec";569281;568558;567413;566393;565227;563189;560836;556833;552457;547782;544504;543332;540680;540425
"PL5770 Oulu Police Department";"Population 31 Dec";477038;479185;481355;483262;484655;485378;485953;485815;485222;485136;485494;486858;487064;488369
"PL5800 Lapland Police Department";"Population 31 Dec";183488;183330;182844;182514;181748;180858;180207;179223;178522;177161;176665;176494;175795;176150
"PL5830 Ålands polismyndighet";"Population 31 Dec";28007;28354;28501;28666;28916;28983;29214;29489;29789;29884;30129;30344;30359;30541
"HO1 Helsinki Court of Appeal";"Population 31 Dec";1537664;1554430;1572212;1590857;1608742;1625582;1643633;1660888;1676211;1694865;1707803;1719860;1738150;1764602
"HO2 Turku Court of Appeal";"Population 31 Dec";1159491;1166043;1171915;1177602;1182747;1186464;1190180;1194219;1197068;1200022;1204961;1211512;1218134;1230183
"HO3 Eastern Finland Court of Appeal";"Population 31 Dec";1080979;1079778;1078360;1076530;1073504;1069326;1065346;1058173;1050043;1041170;1034883;1030835;1024932;1023659
"HO4 Vaasa Court of Appeal";"Population 31 Dec";936616;938501;939988;940505;940357;939700;937978;934812;930853;926938;923987;922682;919895;920888
"HO6 Rovaniemi Court of Appeal";"Population 31 Dec";660526;662515;664199;665776;666403;666236;666160;665038;663744;662297;662159;663352;662859;664519
"KO706 Helsinki District Court";"Population 31 Dec";588549;595384;603968;612664;620715;628208;635181;643272;648042;653835;656920;658457;664028;674500
"KO708 Kanta-Häme District Court";"Population 31 Dec";174555;175230;175472;175481;175350;174710;173781;172720;171364;170925;170577;170213;169537;169547
"KO713 North Karelia District Court";"Population 31 Dec";169778;169733;169496;169112;168896;168329;167599;166441;165569;164465;163537;163281;162540;162321
"KO715 Central Finland District Court";"Population 31 Dec";271083;271874;272723;272911;272986;273446;273910;273779;273283;272898;272617;272683;272437;273271
"KO717 Kainuu District Court";"Population 31 Dec";78703;77984;77435;76782;76119;75324;74803;73959;73061;72306;71664;71255;70521;70164
"KO725 Kymenlaakso District Court";"Population 31 Dec";170022;169455;169089;168480;167554;166457;165430;163427;161436;159316;157687;156272;154371;153593
"KO726 North Savo District Court";"Population 31 Dec";253337;253472;253524;253643;253585;253239;252815;251570;250414;249003;248265;248363;247689;248190
"KO729 Päijät-Häme District Court";"Population 31 Dec";208777;209238;209503;209405;208959;208525;208574;208048;207394;206315;205771;205124;204528;204479
"KO730 Lapland District Court";"Population 31 Dec";183488;183330;182844;182514;181748;180858;180207;179223;178522;177161;176665;176494;175795;176150
"KO731 South Karelia District Court";"Population 31 Dec";132899;132527;132355;132252;131764;131155;130506;129865;128756;127757;126921;126107;125353;125162
"KO736 South Savo District Court";"Population 31 Dec";146166;145353;144393;143638;142746;141621;140422;138822;136474;134314;132702;131688;130451;129914
"KO742 Oulu District Court";"Population 31 Dec";398335;401201;403920;406480;408536;410054;411150;411856;412161;412830;413830;415603;416543;418205
"KO747 Satakunta District Court";"Population 31 Dec";225762;225302;224934;224556;223983;222957;221740;220398;218624;216752;215416;214281;212556;211740
"KO748 Eastern Uusimaa District Court";"Population 31 Dec";520476;525378;529830;535185;539857;545204;551909;557044;563867;570813;577045;582484;587776;595150
"KO750 Western Uusimaa District Court";"Population 31 Dec";428639;433668;438414;443008;448170;452170;456543;460572;464302;470217;473838;478919;486346;494952
"KO757 South Ostrobothnia District Court";"Population 31 Dec";198469;198671;198944;198831;198242;197371;196572;195583;194316;193207;192150;191762;190774;190539
"KO758 Pirkanmaa District Court";"Population 31 Dec";491746;495242;499006;502575;505756;508448;511642;514333;517333;519872;522852;527478;532671;539309
"KO761 Southwest Finland District Court";"Population 31 Dec";465183;467217;468936;470880;472725;474323;475543;477677;478582;479341;481403;483477;485567;490786
"KO764 Ostrobothnia District Court";"Population 31 Dec";241302;242654;243387;244207;245146;245926;245756;245052;244630;244081;243804;243956;244128;245338
"KO769 Åland District Court";"Population 31 Dec";28007;28354;28501;28666;28916;28983;29214;29489;29789;29884;30129;30344;30359;30541
"FI1 MAINLAND FINLAND";"Population 31 Dec";5347269;5372913;5398173;5422604;5442837;5458325;5474083;5483641;5488130;5495408;5503664;5517897;5533611;5573310
"FI19 Western Finland";"Population 31 Dec";1360041;1365259;1370384;1374403;1377281;1379116;1380593;1380365;1379749;1378652;1378851;1382245;1384761;1392461
"FI198 Central Finland";"Population 31 Dec";271083;271874;272723;272911;272986;273446;273910;273779;273283;272898;272617;272683;272437;273271
"FI199 South Ostrobothnia";"Population 31 Dec";198469;198671;198944;198831;198242;197371;196572;195583;194316;193207;192150;191762;190774;190539
"FI19A Ostrobothnia";"Population 31 Dec";172981;174170;174777;175530;176314;176894;176729;176272;176193;175923;175816;176041;176323;177602
"FI196 Satakunta";"Population 31 Dec";225762;225302;224934;224556;223983;222957;221740;220398;218624;216752;215416;214281;212556;211740
"FI19B Pirkanmaa";"Population 31 Dec";491746;495242;499006;502575;505756;508448;511642;514333;517333;519872;522852;527478;532671;539309
"FI1B Helsinki-Uusimaa";"Population 31 Dec";1532309;1549058;1566835;1585473;1603388;1620261;1638293;1655624;1671024;1689725;1702678;1714741;1733033;1759537
"FI1B1 Helsinki-Uusimaa";"Population 31 Dec";1532309;1549058;1566835;1585473;1603388;1620261;1638293;1655624;1671024;1689725;1702678;1714741;1733033;1759537
"FI1C Southern Finland";"Population 31 Dec";1156791;1159039;1160732;1161882;1161706;1160491;1159174;1157001;1152719;1148794;1147484;1146312;1144473;1148632
"FI1C1 Southwest Finland";"Population 31 Dec";465183;467217;468936;470880;472725;474323;475543;477677;478582;479341;481403;483477;485567;490786
"FI1C2 Kanta-Häme";"Population 31 Dec";174555;175230;175472;175481;175350;174710;173781;172720;171364;170925;170577;170213;169537;169547
"FI1C6 Päijät-Häme";"Population 31 Dec";208777;209238;209503;209405;208959;208525;208574;208048;207394;206315;205771;205124;204528;204479
"FI1C7 Kymenlaakso";"Population 31 Dec";175377;174827;174466;173864;172908;171778;170770;168691;166623;164456;162812;161391;159488;158658
"FI1C5 South Karelia";"Population 31 Dec";132899;132527;132355;132252;131764;131155;130506;129865;128756;127757;126921;126107;125353;125162
"FI1D Northern and Eastern Finland";"Population 31 Dec";1298128;1299557;1300222;1300846;1300462;1298457;1296023;1290651;1284638;1278237;1274651;1274599;1271344;1272680
"FI1DA South Savo";"Population 31 Dec";146166;145353;144393;143638;142746;141621;140422;138822;136474;134314;132702;131688;130451;129914
"FI1DB North Savo";"Population 31 Dec";253337;253472;253524;253643;253585;253239;252815;251570;250414;249003;248265;248363;247689;248190
"FI1DC North Karelia";"Population 31 Dec";169778;169733;169496;169112;168896;168329;167599;166441;165569;164465;163537;163281;162540;162321
"FI1D5 Central Ostrobothnia";"Population 31 Dec";68321;68484;68610;68677;68832;69032;69027;68780;68437;68158;67988;67915;67805;67736
"FI1D7Lapland";"Population 31 Dec";183488;183330;182844;182514;181748;180858;180207;179223;178522;177161;176665;176494;175795;176150
"FI1D8 Kainuu";"Population 31 Dec";78703;77984;77435;76782;76119;75324;74803;73959;73061;72306;71664;71255;70521;70164
"FI1D9 North Ostrobothnia";"Population 31 Dec";398335;401201;403920;406480;408536;410054;411150;411856;412161;412830;413830;415603;416543;418205
"FI2 ÅLAND";"Population 31 Dec";28007;28354;28501;28666;28916;28983;29214;29489;29789;29884;30129;30344;30359;30541
"FI20 Åland";"Population 31 Dec";28007;28354;28501;28666;28916;28983;29214;29489;29789;29884;30129;30344;30359;30541
"FI200 Åland";"Population 31 Dec";28007;28354;28501;28666;28916;28983;29214;29489;29789;29884;30129;30344;30359;30541
